INSERT INTO AppUser (first_name, last_name, email, position, project) VALUES
('Sara', 'Markovic', 'sara.markovic@example.com', 'Data Scientist', 'Search Analytics'),
('Nikola', 'Petrovic', 'nikola.petrovic@example.com', 'Backend Engineer', 'Logging Platform'),
('Ana', 'Jovanovic', 'ana.jovanovic@example.com', 'ML Engineer', 'Chat Intelligence'),
('Luka', 'Ilic', 'luka.ilic@example.com', 'DevOps Engineer', 'CI/CD'),
('Milica', 'Kovacevic', 'milica.kovacevic@example.com', 'Product Manager', 'User Insights'),
('Stefan', 'Nikolic', 'stefan.nikolic@example.com', 'Frontend Engineer', 'Web UI'),
('Jelena', 'Popovic', 'jelena.popovic@example.com', 'Research Engineer', 'Prompt Analysis'),
('Marko', 'Stojanovic', 'marko.stojanovic@example.com', 'Backend Engineer', 'Git Analytics'),
('Ivana', 'Radovic', 'ivana.radovic@example.com', 'UX Designer', 'Chat UX'),
('Petar', 'Djordjevic', 'petar.djordjevic@example.com', 'Software Engineer', 'Search Engine'),
('Maja', 'Vukovic', 'maja.vukovic@example.com', 'Data Analyst', 'Query Mining'),
('Ognjen', 'Lazic', 'ognjen.lazic@example.com', 'ML Researcher', 'LLM Evaluation'),
('Tamara', 'Mitic', 'tamara.mitic@example.com', 'QA Engineer', 'Automation'),
('Filip', 'Ristic', 'filip.ristic@example.com', 'Security Engineer', 'Audit Logs'),
('Teodora', 'Simic', 'teodora.simic@example.com', 'AI Engineer', 'Prompt Safety'),
('Dusan', 'Pavlovic', 'dusan.pavlovic@example.com', 'Tech Lead', 'Core Platform'),
('Katarina', 'Blagojevic', 'katarina.blagojevic@example.com', 'Research Intern', 'Behavior Analysis'),
('Vladimir', 'Milosevic', 'vladimir.milosevic@example.com', 'System Architect', 'Infrastructure'),
('Nina', 'Obradovic', 'nina.obradovic@example.com', 'Data Engineer', 'ETL Pipelines'),
('Bojan', 'Jankovic', 'bojan.jankovic@example.com', 'Engineering Manager', 'Developer Experience');

INSERT INTO GoogleQuery (user_email, query_timestamp, query_text) VALUES
('sara.markovic@example.com', NOW() - INTERVAL '10 days', 'how does vector search work'),
('nikola.petrovic@example.com', NOW() - INTERVAL '9 days', 'postgresql jsonb indexing'),
('ana.jovanovic@example.com', NOW() - INTERVAL '8 days', 'fine tuning large language models'),
('luka.ilic@example.com', NOW() - INTERVAL '7 days', 'docker multi stage build best practices'),
('milica.kovacevic@example.com', NOW() - INTERVAL '6 days', 'product metrics for ai systems'),
('stefan.nikolic@example.com', NOW() - INTERVAL '5 days', 'react performance optimization'),
('jelena.popovic@example.com', NOW() - INTERVAL '5 days', 'prompt engineering research papers'),
('marko.stojanovic@example.com', NOW() - INTERVAL '4 days', 'git commit analytics tools'),
('ivana.radovic@example.com', NOW() - INTERVAL '4 days', 'chat ui ux best practices'),
('petar.djordjevic@example.com', NOW() - INTERVAL '3 days', 'search engine ranking algorithms'),
('maja.vukovic@example.com', NOW() - INTERVAL '3 days', 'query log analysis techniques'),
('ognjen.lazic@example.com', NOW() - INTERVAL '2 days', 'llm benchmarking datasets'),
('tamara.mitic@example.com', NOW() - INTERVAL '2 days', 'automated testing strategies'),
('filip.ristic@example.com', NOW() - INTERVAL '2 days', 'security logging best practices'),
('teodora.simic@example.com', NOW() - INTERVAL '1 day', 'ai alignment techniques'),
('dusan.pavlovic@example.com', NOW() - INTERVAL '1 day', 'distributed systems design'),
('katarina.blagojevic@example.com', NOW() - INTERVAL '12 hours', 'user behavior analytics'),
('vladimir.milosevic@example.com', NOW() - INTERVAL '10 hours', 'high availability postgres'),
('nina.obradovic@example.com', NOW() - INTERVAL '6 hours', 'etl pipeline optimization'),
('bojan.jankovic@example.com', NOW() - INTERVAL '2 hours', 'developer productivity metrics');

INSERT INTO ChatPrompt (user_email, url, prompt, response, created_at, artifacts) VALUES
('sara.markovic@example.com', 'https://chat.openai.com', 'Explain vector databases', 'Vector databases store embeddings...', NOW() - INTERVAL '9 days', 'think-deeper'),
('nikola.petrovic@example.com', 'https://chat.openai.com', 'Optimize PostgreSQL queries', 'Use indexes, analyze plans...', NOW() - INTERVAL '8 days', NULL),
('ana.jovanovic@example.com', NULL, 'How to fine-tune an LLM?', 'Fine-tuning requires curated datasets...', NOW() - INTERVAL '7 days', 'research'),
('luka.ilic@example.com', NULL, 'Explain Docker caching', 'Docker caches layers based on...', NOW() - INTERVAL '6 days', NULL),
('milica.kovacevic@example.com', NULL, 'Define success metrics for AI', 'Success metrics depend on...', NOW() - INTERVAL '6 days', 'think-deeper'),
('stefan.nikolic@example.com', NULL, 'Improve React rendering', 'Use memoization and keys...', NOW() - INTERVAL '5 days', NULL),
('jelena.popovic@example.com', NULL, 'Summarize prompt engineering trends', 'Prompt engineering focuses on...', NOW() - INTERVAL '5 days', 'analysis'),
('marko.stojanovic@example.com', NULL, 'Analyze git commit patterns', 'Commit patterns reveal...', NOW() - INTERVAL '4 days', NULL),
('ivana.radovic@example.com', NULL, 'Chat UX best practices', 'Clarity and feedback are key...', NOW() - INTERVAL '4 days', NULL),
('petar.djordjevic@example.com', NULL, 'Search ranking factors', 'Relevance and freshness...', NOW() - INTERVAL '3 days', 'think-deeper'),
('maja.vukovic@example.com', NULL, 'Analyze query logs', 'Log analysis helps detect...', NOW() - INTERVAL '3 days', NULL),
('ognjen.lazic@example.com', NULL, 'Benchmark LLMs', 'Benchmarks measure accuracy...', NOW() - INTERVAL '2 days', 'research'),
('tamara.mitic@example.com', NULL, 'Write test automation plan', 'Start with critical paths...', NOW() - INTERVAL '2 days', NULL),
('filip.ristic@example.com', NULL, 'Security audit checklist', 'Ensure logging and access...', NOW() - INTERVAL '2 days', NULL),
('teodora.simic@example.com', NULL, 'AI safety methods', 'Safety includes alignment...', NOW() - INTERVAL '1 day', 'think-deeper'),
('dusan.pavlovic@example.com', NULL, 'Design distributed systems', 'Focus on consistency...', NOW() - INTERVAL '1 day', NULL),
('katarina.blagojevic@example.com', NULL, 'User behavior modeling', 'Behavior models predict...', NOW() - INTERVAL '12 hours', NULL),
('vladimir.milosevic@example.com', NULL, 'Scale postgres', 'Use replication and sharding...', NOW() - INTERVAL '10 hours', NULL),
('nina.obradovic@example.com', NULL, 'Build ETL pipelines', 'ETL pipelines extract...', NOW() - INTERVAL '6 hours', NULL),
('bojan.jankovic@example.com', NULL, 'Improve dev productivity', 'Reduce context switching...', NOW() - INTERVAL '2 hours', 'analysis');

INSERT INTO GitCommit (user_email, commit_hash, committed_at) VALUES
('sara.markovic@example.com', 'a1b2c3d4e5f601234567890abcdef1234567890', NOW() - INTERVAL '9 days'),
('nikola.petrovic@example.com', 'b2c3d4e5f6a101234567890abcdef1234567890', NOW() - INTERVAL '8 days'),
('ana.jovanovic@example.com', 'c3d4e5f6a1b201234567890abcdef1234567890', NOW() - INTERVAL '7 days'),
('luka.ilic@example.com', 'd4e5f6a1b2c301234567890abcdef1234567890', NOW() - INTERVAL '6 days'),
('milica.kovacevic@example.com', 'e5f6a1b2c3d401234567890abcdef1234567890', NOW() - INTERVAL '6 days'),
('stefan.nikolic@example.com', 'f6a1b2c3d4e501234567890abcdef1234567890', NOW() - INTERVAL '5 days'),
('jelena.popovic@example.com', 'a7b8c9d0e1f201234567890abcdef1234567890', NOW() - INTERVAL '5 days'),
('marko.stojanovic@example.com', 'b8c9d0e1f2a301234567890abcdef1234567890', NOW() - INTERVAL '4 days'),
('ivana.radovic@example.com', 'c9d0e1f2a3b401234567890abcdef1234567890', NOW() - INTERVAL '4 days'),
('petar.djordjevic@example.com', 'd0e1f2a3b4c501234567890abcdef1234567890', NOW() - INTERVAL '3 days'),
('maja.vukovic@example.com', 'e1f2a3b4c5d601234567890abcdef1234567890', NOW() - INTERVAL '3 days'),
('ognjen.lazic@example.com', 'f2a3b4c5d6e701234567890abcdef1234567890', NOW() - INTERVAL '2 days'),
('tamara.mitic@example.com', 'a3b4c5d6e7f801234567890abcdef1234567890', NOW() - INTERVAL '2 days'),
('filip.ristic@example.com', 'b4c5d6e7f8a901234567890abcdef1234567890', NOW() - INTERVAL '2 days'),
('teodora.simic@example.com', 'c5d6e7f8a9b001234567890abcdef1234567890', NOW() - INTERVAL '1 day'),
('dusan.pavlovic@example.com', 'd6e7f8a9b0c101234567890abcdef1234567890', NOW() - INTERVAL '1 day'),
('katarina.blagojevic@example.com', 'e7f8a9b0c1d201234567890abcdef1234567890', NOW() - INTERVAL '12 hours'),
('vladimir.milosevic@example.com', 'f8a9b0c1d2e301234567890abcdef1234567890', NOW() - INTERVAL '10 hours'),
('nina.obradovic@example.com', 'a9b0c1d2e3f401234567890abcdef1234567890', NOW() - INTERVAL '6 hours'),
('bojan.jankovic@example.com', 'b0c1d2e3f4a501234567890abcdef1234567890', NOW() - INTERVAL '2 hours');
